{"_wandb":{"runtime":37},"rmse":0.3100512743523932,"_timestamp":1.741806519614266e+09,"_runtime":5.5127735,"_step":6}